999,1564404779, 2019/7/29 12:53:0, Inactive
1999,1564404780, 2019/7/29 12:53:1, Inactive
2999,1564404781, 2019/7/29 12:53:2, Inactive
3999,1564404782, 2019/7/29 12:53:3, Inactive
4999,1564404783, 2019/7/29 12:53:4, Inactive
5999,1564404784, 2019/7/29 12:53:5, Inactive
7000,1564404785, 2019/7/29 12:53:6, Inactive
7999,1564404786, 2019/7/29 12:53:7, Inactive
8999,1564404787, 2019/7/29 12:53:8, Inactive
9999,1564404788, 2019/7/29 12:53:9, Inactive
10999,1564404789, 2019/7/29 12:53:10, Inactive
11999,1564404790, 2019/7/29 12:53:11, Inactive
12999,1564404791, 2019/7/29 12:53:12, Inactive
13999,1564404792, 2019/7/29 12:53:13, Active
14999,1564404793, 2019/7/29 12:53:14, Active
16000,1564404794, 2019/7/29 12:53:15, Active
16999,1564404795, 2019/7/29 12:53:16, Active
17999,1564404796, 2019/7/29 12:53:17, Inactive
18999,1564404797, 2019/7/29 12:53:18, Inactive
19999,1564404798, 2019/7/29 12:53:19, Inactive
20999,1564404799, 2019/7/29 12:53:20, Inactive
21999,1564404800, 2019/7/29 12:53:21, Active
23000,1564404801, 2019/7/29 12:53:22, Active
23999,1564404802, 2019/7/29 12:53:23, Active
24999,1564404803, 2019/7/29 12:53:24, Active
25999,1564404804, 2019/7/29 12:53:25, Active
26999,1564404805, 2019/7/29 12:53:26, Active
27999,1564404806, 2019/7/29 12:53:27, Active
28999,1564404807, 2019/7/29 12:53:28, Inactive
29999,1564404808, 2019/7/29 12:53:29, Active
30999,1564404809, 2019/7/29 12:53:30, Inactive
32000,1564404810, 2019/7/29 12:53:31, Active
32999,1564404811, 2019/7/29 12:53:32, Inactive
33999,1564404812, 2019/7/29 12:53:33, Active
34999,1564404813, 2019/7/29 12:53:34, Active
35999,1564404814, 2019/7/29 12:53:35, Active
36999,1564404815, 2019/7/29 12:53:36, Active
37999,1564404816, 2019/7/29 12:53:37, Active
39000,1564404817, 2019/7/29 12:53:38, Inactive
39998,1564404818, 2019/7/29 12:53:39, Inactive
40999,1564404819, 2019/7/29 12:53:40, Inactive
41999,1564404820, 2019/7/29 12:53:41, Inactive
42998,1564404821, 2019/7/29 12:53:42, Inactive
43999,1564404822, 2019/7/29 12:53:43, Inactive
44999,1564404823, 2019/7/29 12:53:44, Inactive
46000,1564404824, 2019/7/29 12:53:45, Inactive
46999,1564404825, 2019/7/29 12:53:46, Inactive
48000,1564404826, 2019/7/29 12:53:47, Inactive
48999,1564404827, 2019/7/29 12:53:48, Inactive
49998,1564404828, 2019/7/29 12:53:49, Inactive
50999,1564404829, 2019/7/29 12:53:50, Inactive
51999,1564404830, 2019/7/29 12:53:51, Active
52999,1564404831, 2019/7/29 12:53:52, Active
53999,1564404832, 2019/7/29 12:53:53, Inactive
54999,1564404833, 2019/7/29 12:53:54, Inactive
55999,1564404834, 2019/7/29 12:53:55, Inactive
56999,1564404835, 2019/7/29 12:53:56, Inactive
57999,1564404836, 2019/7/29 12:53:57, Inactive
58999,1564404837, 2019/7/29 12:53:58, Active
59999,1564404838, 2019/7/29 12:53:59, Inactive
60999,1564404839, 2019/7/29 12:54:0, Active
62000,1564404840, 2019/7/29 12:54:1, Active
62999,1564404841, 2019/7/29 12:54:2, Active
64000,1564404842, 2019/7/29 12:54:3, Inactive
64999,1564404843, 2019/7/29 12:54:4, Active
65999,1564404844, 2019/7/29 12:54:5, Active
66999,1564404845, 2019/7/29 12:54:6, Active
67999,1564404846, 2019/7/29 12:54:7, Inactive
69000,1564404847, 2019/7/29 12:54:8, Inactive
69999,1564404848, 2019/7/29 12:54:9, Inactive
71000,1564404849, 2019/7/29 12:54:10, Active
71999,1564404850, 2019/7/29 12:54:11, Active
72999,1564404851, 2019/7/29 12:54:12, Inactive
73999,1564404852, 2019/7/29 12:54:13, Inactive
74999,1564404853, 2019/7/29 12:54:14, Inactive
75999,1564404854, 2019/7/29 12:54:15, Inactive
76999,1564404855, 2019/7/29 12:54:16, Inactive
78000,1564404856, 2019/7/29 12:54:17, Inactive
78999,1564404857, 2019/7/29 12:54:18, Inactive
80000,1564404858, 2019/7/29 12:54:19, Inactive
80999,1564404859, 2019/7/29 12:54:20, Inactive
81999,1564404860, 2019/7/29 12:54:21, Inactive
82999,1564404861, 2019/7/29 12:54:22, Inactive
83999,1564404862, 2019/7/29 12:54:23, Inactive
84999,1564404863, 2019/7/29 12:54:24, Inactive
85999,1564404864, 2019/7/29 12:54:25, Inactive
86999,1564404865, 2019/7/29 12:54:26, Inactive
87999,1564404866, 2019/7/29 12:54:27, Inactive
88999,1564404867, 2019/7/29 12:54:28, Inactive
89999,1564404868, 2019/7/29 12:54:29, Inactive
90998,1564404869, 2019/7/29 12:54:30, Inactive
91999,1564404870, 2019/7/29 12:54:31, Inactive
92999,1564404871, 2019/7/29 12:54:32, Inactive
93999,1564404872, 2019/7/29 12:54:33, Active
94999,1564404873, 2019/7/29 12:54:34, Active
95998,1564404874, 2019/7/29 12:54:35, Inactive
96999,1564404875, 2019/7/29 12:54:36, Inactive
97999,1564404876, 2019/7/29 12:54:37, Active
98999,1564404877, 2019/7/29 12:54:38, Active
99999,1564404878, 2019/7/29 12:54:39, Active
101000,1564404879, 2019/7/29 12:54:40, Inactive
101999,1564404880, 2019/7/29 12:54:41, Inactive
103000,1564404881, 2019/7/29 12:54:42, Inactive
103999,1564404882, 2019/7/29 12:54:43, Inactive
104999,1564404883, 2019/7/29 12:54:44, Inactive
105999,1564404884, 2019/7/29 12:54:45, Inactive
106999,1564404885, 2019/7/29 12:54:46, Inactive
107999,1564404886, 2019/7/29 12:54:47, Inactive
108999,1564404887, 2019/7/29 12:54:48, Inactive
109999,1564404888, 2019/7/29 12:54:49, Inactive
110999,1564404889, 2019/7/29 12:54:50, Inactive
112000,1564404890, 2019/7/29 12:54:51, Inactive
112999,1564404891, 2019/7/29 12:54:52, Inactive
113999,1564404892, 2019/7/29 12:54:53, Inactive
114999,1564404893, 2019/7/29 12:54:54, Inactive
115998,1564404894, 2019/7/29 12:54:55, Inactive
116999,1564404895, 2019/7/29 12:54:56, Inactive
117999,1564404896, 2019/7/29 12:54:57, Inactive
119000,1564404897, 2019/7/29 12:54:58, Inactive
119999,1564404898, 2019/7/29 12:54:59, Inactive
120999,1564404899, 2019/7/29 12:55:0, Inactive
121999,1564404900, 2019/7/29 12:55:1, Inactive
122998,1564404901, 2019/7/29 12:55:2, Inactive
123999,1564404902, 2019/7/29 12:55:3, Inactive
124999,1564404903, 2019/7/29 12:55:4, Inactive
125999,1564404904, 2019/7/29 12:55:5, Inactive
126999,1564404905, 2019/7/29 12:55:6, Inactive
128000,1564404906, 2019/7/29 12:55:7, Active
128999,1564404907, 2019/7/29 12:55:8, Active
129999,1564404908, 2019/7/29 12:55:9, Inactive
130999,1564404909, 2019/7/29 12:55:10, Inactive
131999,1564404910, 2019/7/29 12:55:11, Active
132999,1564404911, 2019/7/29 12:55:12, Active
133999,1564404912, 2019/7/29 12:55:13, Active
135000,1564404913, 2019/7/29 12:55:14, Inactive
135999,1564404914, 2019/7/29 12:55:15, Inactive
136999,1564404915, 2019/7/29 12:55:16, Inactive
137999,1564404916, 2019/7/29 12:55:17, Inactive
138999,1564404917, 2019/7/29 12:55:18, Inactive
139999,1564404918, 2019/7/29 12:55:19, Inactive
140999,1564404919, 2019/7/29 12:55:20, Inactive
141999,1564404920, 2019/7/29 12:55:21, Inactive
142999,1564404921, 2019/7/29 12:55:22, Inactive
144000,1564404922, 2019/7/29 12:55:23, Inactive
144999,1564404923, 2019/7/29 12:55:24, Inactive
145999,1564404924, 2019/7/29 12:55:25, Inactive
146999,1564404925, 2019/7/29 12:55:26, Inactive
147999,1564404926, 2019/7/29 12:55:27, Inactive
148999,1564404927, 2019/7/29 12:55:28, Inactive
149999,1564404928, 2019/7/29 12:55:29, Inactive
151000,1564404929, 2019/7/29 12:55:30, Inactive
151999,1564404930, 2019/7/29 12:55:31, Inactive
152999,1564404931, 2019/7/29 12:55:32, Inactive
153999,1564404932, 2019/7/29 12:55:34, Inactive
154999,1564404934, 2019/7/29 12:55:35, Inactive
155999,1564404935, 2019/7/29 12:55:36, Inactive
156999,1564404936, 2019/7/29 12:55:37, Inactive
157999,1564404937, 2019/7/29 12:55:38, Inactive
158999,1564404938, 2019/7/29 12:55:39, Inactive
160000,1564404939, 2019/7/29 12:55:40, Inactive
160999,1564404940, 2019/7/29 12:55:41, Inactive
161999,1564404941, 2019/7/29 12:55:42, Inactive
162998,1564404942, 2019/7/29 12:55:43, Inactive
163999,1564404943, 2019/7/29 12:55:44, Inactive
164999,1564404944, 2019/7/29 12:55:45, Inactive
165999,1564404945, 2019/7/29 12:55:46, Inactive
167000,1564404946, 2019/7/29 12:55:47, Inactive
167999,1564404947, 2019/7/29 12:55:48, Inactive
168999,1564404948, 2019/7/29 12:55:49, Inactive
169999,1564404949, 2019/7/29 12:55:50, Inactive
170999,1564404950, 2019/7/29 12:55:51, Inactive
171999,1564404951, 2019/7/29 12:55:52, Inactive
172999,1564404952, 2019/7/29 12:55:53, Inactive
174000,1564404953, 2019/7/29 12:55:54, Inactive
174999,1564404954, 2019/7/29 12:55:55, Inactive
176000,1564404955, 2019/7/29 12:55:56, Inactive
176999,1564404956, 2019/7/29 12:55:57, Inactive
177998,1564404957, 2019/7/29 12:55:58, Inactive
178999,1564404958, 2019/7/29 12:55:59, Inactive
179998,1564404959, 2019/7/29 12:56:0, Inactive
